Metric,Dataset,Model,Method,ScoreType,Score
XComet XXL,wmt14_csen,EuroLLM 9B,MSP,Raw,0.13321774098202674
XComet XXL,wmt14_csen,EuroLLM 9B,MSP,Detrended,0.2246261412132976
XComet XXL,wmt14_csen,EuroLLM 9B,PPL,Raw,0.39409779777154713
XComet XXL,wmt14_csen,EuroLLM 9B,PPL,Detrended,0.41482383951611507
XComet XXL,wmt14_csen,EuroLLM 9B,MTE,Raw,0.4337246826060549
XComet XXL,wmt14_csen,EuroLLM 9B,MTE,Detrended,0.4636033257167424
XComet XXL,wmt14_csen,EuroLLM 9B,MCSE,Raw,0.18530660043926425
XComet XXL,wmt14_csen,EuroLLM 9B,MCSE,Detrended,0.30585025439988495
XComet XXL,wmt14_csen,EuroLLM 9B,MCNSE,Raw,0.19057394356766935
XComet XXL,wmt14_csen,EuroLLM 9B,MCNSE,Detrended,0.18237385965751865
XComet XXL,wmt14_csen,EuroLLM 9B,LSRL,Raw,0.23011901685344402
XComet XXL,wmt14_csen,EuroLLM 9B,LSRL,Detrended,0.22838822940132772
XComet XXL,wmt14_deen,EuroLLM 9B,MSP,Raw,0.3081182631352261
XComet XXL,wmt14_deen,EuroLLM 9B,MSP,Detrended,0.37392523153379753
XComet XXL,wmt14_deen,EuroLLM 9B,PPL,Raw,0.40499399875758046
XComet XXL,wmt14_deen,EuroLLM 9B,PPL,Detrended,0.44568770733939217
XComet XXL,wmt14_deen,EuroLLM 9B,MTE,Raw,0.41732623167412114
XComet XXL,wmt14_deen,EuroLLM 9B,MTE,Detrended,0.47335429231873793
XComet XXL,wmt14_deen,EuroLLM 9B,MCSE,Raw,0.3053698011866548
XComet XXL,wmt14_deen,EuroLLM 9B,MCSE,Detrended,0.3641228630999021
XComet XXL,wmt14_deen,EuroLLM 9B,MCNSE,Raw,0.27707394738027824
XComet XXL,wmt14_deen,EuroLLM 9B,MCNSE,Detrended,0.2857888176771293
XComet XXL,wmt14_deen,EuroLLM 9B,LSRL,Raw,0.28220870271019155
XComet XXL,wmt14_deen,EuroLLM 9B,LSRL,Detrended,0.2868413141242147
XComet XXL,wmt14_ruen,EuroLLM 9B,MSP,Raw,0.3791069271308132
XComet XXL,wmt14_ruen,EuroLLM 9B,MSP,Detrended,0.4235816754909237
XComet XXL,wmt14_ruen,EuroLLM 9B,PPL,Raw,0.37530305048974666
XComet XXL,wmt14_ruen,EuroLLM 9B,PPL,Detrended,0.49665998975486475
XComet XXL,wmt14_ruen,EuroLLM 9B,MTE,Raw,0.3889944159080252
XComet XXL,wmt14_ruen,EuroLLM 9B,MTE,Detrended,0.5074564368775618
XComet XXL,wmt14_ruen,EuroLLM 9B,MCSE,Raw,0.34847931900174856
XComet XXL,wmt14_ruen,EuroLLM 9B,MCSE,Detrended,0.38130087538281865
XComet XXL,wmt14_ruen,EuroLLM 9B,MCNSE,Raw,0.2290597311379456
XComet XXL,wmt14_ruen,EuroLLM 9B,MCNSE,Detrended,0.2974619874311343
XComet XXL,wmt14_ruen,EuroLLM 9B,LSRL,Raw,0.21782940809979828
XComet XXL,wmt14_ruen,EuroLLM 9B,LSRL,Detrended,0.26585377426878587
XComet XXL,wmt14_fren,EuroLLM 9B,MSP,Raw,0.20532871800014857
XComet XXL,wmt14_fren,EuroLLM 9B,MSP,Detrended,0.23402240564604435
XComet XXL,wmt14_fren,EuroLLM 9B,PPL,Raw,0.3277319240924205
XComet XXL,wmt14_fren,EuroLLM 9B,PPL,Detrended,0.38350232600589657
XComet XXL,wmt14_fren,EuroLLM 9B,MTE,Raw,0.3454074425549853
XComet XXL,wmt14_fren,EuroLLM 9B,MTE,Detrended,0.4302918743608575
XComet XXL,wmt14_fren,EuroLLM 9B,MCSE,Raw,0.26309516256765547
XComet XXL,wmt14_fren,EuroLLM 9B,MCSE,Detrended,0.3353168838373541
XComet XXL,wmt14_fren,EuroLLM 9B,MCNSE,Raw,0.171044911137391
XComet XXL,wmt14_fren,EuroLLM 9B,MCNSE,Detrended,0.17423282315881125
XComet XXL,wmt14_fren,EuroLLM 9B,LSRL,Raw,0.22894775933975434
XComet XXL,wmt14_fren,EuroLLM 9B,LSRL,Detrended,0.23082127540131378
XComet XXL,wmt19_deen,EuroLLM 9B,MSP,Raw,0.26753748203546546
XComet XXL,wmt19_deen,EuroLLM 9B,MSP,Detrended,0.3250319645718168
XComet XXL,wmt19_deen,EuroLLM 9B,PPL,Raw,0.4251876750896089
XComet XXL,wmt19_deen,EuroLLM 9B,PPL,Detrended,0.4623151411861746
XComet XXL,wmt19_deen,EuroLLM 9B,MTE,Raw,0.430083762738799
XComet XXL,wmt19_deen,EuroLLM 9B,MTE,Detrended,0.5024415847480621
XComet XXL,wmt19_deen,EuroLLM 9B,MCSE,Raw,0.30255049895491887
XComet XXL,wmt19_deen,EuroLLM 9B,MCSE,Detrended,0.37595423715046855
XComet XXL,wmt19_deen,EuroLLM 9B,MCNSE,Raw,0.2591948357721238
XComet XXL,wmt19_deen,EuroLLM 9B,MCNSE,Detrended,0.24939915602595103
XComet XXL,wmt19_deen,EuroLLM 9B,LSRL,Raw,0.28345379491633965
XComet XXL,wmt19_deen,EuroLLM 9B,LSRL,Detrended,0.2816780436958524
XComet XXL,wmt19_fien,EuroLLM 9B,MSP,Raw,-0.027130416289667482
XComet XXL,wmt19_fien,EuroLLM 9B,MSP,Detrended,0.37358508744570007
XComet XXL,wmt19_fien,EuroLLM 9B,PPL,Raw,0.39730126954664835
XComet XXL,wmt19_fien,EuroLLM 9B,PPL,Detrended,0.42988252555905
XComet XXL,wmt19_fien,EuroLLM 9B,MTE,Raw,0.448391650602249
XComet XXL,wmt19_fien,EuroLLM 9B,MTE,Detrended,0.4655478843900381
XComet XXL,wmt19_fien,EuroLLM 9B,MCSE,Raw,-0.00918382514083202
XComet XXL,wmt19_fien,EuroLLM 9B,MCSE,Detrended,0.40124788837593683
XComet XXL,wmt19_fien,EuroLLM 9B,MCNSE,Raw,0.30045605442979145
XComet XXL,wmt19_fien,EuroLLM 9B,MCNSE,Detrended,0.3596986491137013
XComet XXL,wmt19_fien,EuroLLM 9B,LSRL,Raw,0.2418297291577639
XComet XXL,wmt19_fien,EuroLLM 9B,LSRL,Detrended,0.3153253164389541
XComet XXL,wmt19_lten,EuroLLM 9B,MSP,Raw,0.05758879657389561
XComet XXL,wmt19_lten,EuroLLM 9B,MSP,Detrended,0.3428388096463065
XComet XXL,wmt19_lten,EuroLLM 9B,PPL,Raw,0.33093575357351634
XComet XXL,wmt19_lten,EuroLLM 9B,PPL,Detrended,0.35092082182935197
XComet XXL,wmt19_lten,EuroLLM 9B,MTE,Raw,0.38576162370850386
XComet XXL,wmt19_lten,EuroLLM 9B,MTE,Detrended,0.3898368355649422
XComet XXL,wmt19_lten,EuroLLM 9B,MCSE,Raw,0.07966278203855363
XComet XXL,wmt19_lten,EuroLLM 9B,MCSE,Detrended,0.34498956474654185
XComet XXL,wmt19_lten,EuroLLM 9B,MCNSE,Raw,0.22494288899372542
XComet XXL,wmt19_lten,EuroLLM 9B,MCNSE,Detrended,0.25648287213853244
XComet XXL,wmt19_lten,EuroLLM 9B,LSRL,Raw,0.1809887016738711
XComet XXL,wmt19_lten,EuroLLM 9B,LSRL,Detrended,0.21239031877815812
XComet XXL,wmt19_ruen,EuroLLM 9B,MSP,Raw,0.3551658094709073
XComet XXL,wmt19_ruen,EuroLLM 9B,MSP,Detrended,0.32873645468844626
XComet XXL,wmt19_ruen,EuroLLM 9B,PPL,Raw,0.31387934880078583
XComet XXL,wmt19_ruen,EuroLLM 9B,PPL,Detrended,0.27761632727226243
XComet XXL,wmt19_ruen,EuroLLM 9B,MTE,Raw,0.3222042364617473
XComet XXL,wmt19_ruen,EuroLLM 9B,MTE,Detrended,0.32474437829306363
XComet XXL,wmt19_ruen,EuroLLM 9B,MCSE,Raw,0.33678585708259895
XComet XXL,wmt19_ruen,EuroLLM 9B,MCSE,Detrended,0.2872121865540175
XComet XXL,wmt19_ruen,EuroLLM 9B,MCNSE,Raw,0.21204330485697737
XComet XXL,wmt19_ruen,EuroLLM 9B,MCNSE,Detrended,0.20516231944184798
XComet XXL,wmt19_ruen,EuroLLM 9B,LSRL,Raw,0.18381014807763998
XComet XXL,wmt19_ruen,EuroLLM 9B,LSRL,Detrended,0.16857270691435206
MetricX-XXL,wmt14_csen,EuroLLM 9B,MSP,Raw,0.12700382512990865
MetricX-XXL,wmt14_csen,EuroLLM 9B,MSP,Detrended,0.3727254203836544
MetricX-XXL,wmt14_csen,EuroLLM 9B,PPL,Raw,0.5116119290639901
MetricX-XXL,wmt14_csen,EuroLLM 9B,PPL,Detrended,0.5144442571605241
MetricX-XXL,wmt14_csen,EuroLLM 9B,MTE,Raw,0.5410824113990269
MetricX-XXL,wmt14_csen,EuroLLM 9B,MTE,Detrended,0.5481009268712707
MetricX-XXL,wmt14_csen,EuroLLM 9B,MCSE,Raw,0.19992344902846323
MetricX-XXL,wmt14_csen,EuroLLM 9B,MCSE,Detrended,0.4248432456080746
MetricX-XXL,wmt14_csen,EuroLLM 9B,MCNSE,Raw,0.23039019928848517
MetricX-XXL,wmt14_csen,EuroLLM 9B,MCNSE,Detrended,0.22040933666215812
MetricX-XXL,wmt14_csen,EuroLLM 9B,LSRL,Raw,0.289369388576396
MetricX-XXL,wmt14_csen,EuroLLM 9B,LSRL,Detrended,0.2929040320036948
MetricX-XXL,wmt14_deen,EuroLLM 9B,MSP,Raw,0.22559679349277145
MetricX-XXL,wmt14_deen,EuroLLM 9B,MSP,Detrended,0.44680662275304217
MetricX-XXL,wmt14_deen,EuroLLM 9B,PPL,Raw,0.521115545177528
MetricX-XXL,wmt14_deen,EuroLLM 9B,PPL,Detrended,0.5283931792810119
MetricX-XXL,wmt14_deen,EuroLLM 9B,MTE,Raw,0.5369597833860931
MetricX-XXL,wmt14_deen,EuroLLM 9B,MTE,Detrended,0.5466470622230164
MetricX-XXL,wmt14_deen,EuroLLM 9B,MCSE,Raw,0.236851242847467
MetricX-XXL,wmt14_deen,EuroLLM 9B,MCSE,Detrended,0.4220890117484372
MetricX-XXL,wmt14_deen,EuroLLM 9B,MCNSE,Raw,0.33004206525243474
MetricX-XXL,wmt14_deen,EuroLLM 9B,MCNSE,Detrended,0.3275380090897962
MetricX-XXL,wmt14_deen,EuroLLM 9B,LSRL,Raw,0.34015992057012756
MetricX-XXL,wmt14_deen,EuroLLM 9B,LSRL,Detrended,0.34208618662091445
MetricX-XXL,wmt14_ruen,EuroLLM 9B,MSP,Raw,0.29687118150047254
MetricX-XXL,wmt14_ruen,EuroLLM 9B,MSP,Detrended,0.3917393393274681
MetricX-XXL,wmt14_ruen,EuroLLM 9B,PPL,Raw,0.45357522426002017
MetricX-XXL,wmt14_ruen,EuroLLM 9B,PPL,Detrended,0.37462375284591404
MetricX-XXL,wmt14_ruen,EuroLLM 9B,MTE,Raw,0.4767313544208524
MetricX-XXL,wmt14_ruen,EuroLLM 9B,MTE,Detrended,0.396479987573355
MetricX-XXL,wmt14_ruen,EuroLLM 9B,MCSE,Raw,0.2827704342387031
MetricX-XXL,wmt14_ruen,EuroLLM 9B,MCSE,Detrended,0.3416261595239535
MetricX-XXL,wmt14_ruen,EuroLLM 9B,MCNSE,Raw,0.29455956145409207
MetricX-XXL,wmt14_ruen,EuroLLM 9B,MCNSE,Detrended,0.2680491323579197
MetricX-XXL,wmt14_ruen,EuroLLM 9B,LSRL,Raw,0.29955553355961073
MetricX-XXL,wmt14_ruen,EuroLLM 9B,LSRL,Detrended,0.29143971746233677
MetricX-XXL,wmt14_fren,EuroLLM 9B,MSP,Raw,0.11109451574567548
MetricX-XXL,wmt14_fren,EuroLLM 9B,MSP,Detrended,0.27943678659878957
MetricX-XXL,wmt14_fren,EuroLLM 9B,PPL,Raw,0.4149389881059363
MetricX-XXL,wmt14_fren,EuroLLM 9B,PPL,Detrended,0.41877373542175134
MetricX-XXL,wmt14_fren,EuroLLM 9B,MTE,Raw,0.45554973110456354
MetricX-XXL,wmt14_fren,EuroLLM 9B,MTE,Detrended,0.46441965502689
MetricX-XXL,wmt14_fren,EuroLLM 9B,MCSE,Raw,0.16435274546200884
MetricX-XXL,wmt14_fren,EuroLLM 9B,MCSE,Detrended,0.3687950462333661
MetricX-XXL,wmt14_fren,EuroLLM 9B,MCNSE,Raw,0.22250682012306594
MetricX-XXL,wmt14_fren,EuroLLM 9B,MCNSE,Detrended,0.21750731436028875
MetricX-XXL,wmt14_fren,EuroLLM 9B,LSRL,Raw,0.27188604643743913
MetricX-XXL,wmt14_fren,EuroLLM 9B,LSRL,Detrended,0.2732618400978166
MetricX-XXL,wmt19_deen,EuroLLM 9B,MSP,Raw,0.23033400228495907
MetricX-XXL,wmt19_deen,EuroLLM 9B,MSP,Detrended,0.3832090360178152
MetricX-XXL,wmt19_deen,EuroLLM 9B,PPL,Raw,0.4806841454780032
MetricX-XXL,wmt19_deen,EuroLLM 9B,PPL,Detrended,0.4864085020017504
MetricX-XXL,wmt19_deen,EuroLLM 9B,MTE,Raw,0.49780141610962986
MetricX-XXL,wmt19_deen,EuroLLM 9B,MTE,Detrended,0.5147701059243521
MetricX-XXL,wmt19_deen,EuroLLM 9B,MCSE,Raw,0.24741341516879606
MetricX-XXL,wmt19_deen,EuroLLM 9B,MCSE,Detrended,0.3832364464799144
MetricX-XXL,wmt19_deen,EuroLLM 9B,MCNSE,Raw,0.27595361353762804
MetricX-XXL,wmt19_deen,EuroLLM 9B,MCNSE,Detrended,0.24549965690347972
MetricX-XXL,wmt19_deen,EuroLLM 9B,LSRL,Raw,0.3057177435877247
MetricX-XXL,wmt19_deen,EuroLLM 9B,LSRL,Detrended,0.2976040781139192
MetricX-XXL,wmt19_fien,EuroLLM 9B,MSP,Raw,0.040943163845878386
MetricX-XXL,wmt19_fien,EuroLLM 9B,MSP,Detrended,0.3792233995133356
MetricX-XXL,wmt19_fien,EuroLLM 9B,PPL,Raw,0.4446047650798497
MetricX-XXL,wmt19_fien,EuroLLM 9B,PPL,Detrended,0.44840578575021717
MetricX-XXL,wmt19_fien,EuroLLM 9B,MTE,Raw,0.48582598594548343
MetricX-XXL,wmt19_fien,EuroLLM 9B,MTE,Detrended,0.4842958284933833
MetricX-XXL,wmt19_fien,EuroLLM 9B,MCSE,Raw,0.09772297899375514
MetricX-XXL,wmt19_fien,EuroLLM 9B,MCSE,Detrended,0.39006555710827456
MetricX-XXL,wmt19_fien,EuroLLM 9B,MCNSE,Raw,0.32400122351921795
MetricX-XXL,wmt19_fien,EuroLLM 9B,MCNSE,Detrended,0.3359713122881491
MetricX-XXL,wmt19_fien,EuroLLM 9B,LSRL,Raw,0.3026860499566757
MetricX-XXL,wmt19_fien,EuroLLM 9B,LSRL,Detrended,0.33340806640874726
MetricX-XXL,wmt19_lten,EuroLLM 9B,MSP,Raw,0.1549509011660918
MetricX-XXL,wmt19_lten,EuroLLM 9B,MSP,Detrended,0.3197797677297967
MetricX-XXL,wmt19_lten,EuroLLM 9B,PPL,Raw,0.402737876232832
MetricX-XXL,wmt19_lten,EuroLLM 9B,PPL,Detrended,0.4198919269330747
MetricX-XXL,wmt19_lten,EuroLLM 9B,MTE,Raw,0.42394083864825444
MetricX-XXL,wmt19_lten,EuroLLM 9B,MTE,Detrended,0.46566812490872117
MetricX-XXL,wmt19_lten,EuroLLM 9B,MCSE,Raw,0.25358759684348325
MetricX-XXL,wmt19_lten,EuroLLM 9B,MCSE,Detrended,0.356701277529929
MetricX-XXL,wmt19_lten,EuroLLM 9B,MCNSE,Raw,0.26413261855332093
MetricX-XXL,wmt19_lten,EuroLLM 9B,MCNSE,Detrended,0.2526978814980483
MetricX-XXL,wmt19_lten,EuroLLM 9B,LSRL,Raw,0.30675995994487265
MetricX-XXL,wmt19_lten,EuroLLM 9B,LSRL,Detrended,0.3047488045636456
MetricX-XXL,wmt19_ruen,EuroLLM 9B,MSP,Raw,0.28354586045070035
MetricX-XXL,wmt19_ruen,EuroLLM 9B,MSP,Detrended,0.37363454828562465
MetricX-XXL,wmt19_ruen,EuroLLM 9B,PPL,Raw,0.33443638790225294
MetricX-XXL,wmt19_ruen,EuroLLM 9B,PPL,Detrended,0.3461796732699619
MetricX-XXL,wmt19_ruen,EuroLLM 9B,MTE,Raw,0.36113171647000497
MetricX-XXL,wmt19_ruen,EuroLLM 9B,MTE,Detrended,0.39891265780507723
MetricX-XXL,wmt19_ruen,EuroLLM 9B,MCSE,Raw,0.27277411459326484
MetricX-XXL,wmt19_ruen,EuroLLM 9B,MCSE,Detrended,0.33899134163308553
MetricX-XXL,wmt19_ruen,EuroLLM 9B,MCNSE,Raw,0.2141300628365373
MetricX-XXL,wmt19_ruen,EuroLLM 9B,MCNSE,Detrended,0.22362890645294078
MetricX-XXL,wmt19_ruen,EuroLLM 9B,LSRL,Raw,0.196564512003171
MetricX-XXL,wmt19_ruen,EuroLLM 9B,LSRL,Detrended,0.20101738817954226
Comet WMT22,wmt14_csen,EuroLLM 9B,MSP,Raw,0.29297723874386566
Comet WMT22,wmt14_csen,EuroLLM 9B,MSP,Detrended,0.33651565830505253
Comet WMT22,wmt14_csen,EuroLLM 9B,PPL,Raw,0.5051788647626327
Comet WMT22,wmt14_csen,EuroLLM 9B,PPL,Detrended,0.5506964307506693
Comet WMT22,wmt14_csen,EuroLLM 9B,MTE,Raw,0.5247172972858595
Comet WMT22,wmt14_csen,EuroLLM 9B,MTE,Detrended,0.5899700107356209
Comet WMT22,wmt14_csen,EuroLLM 9B,MCSE,Raw,0.3511622913544907
Comet WMT22,wmt14_csen,EuroLLM 9B,MCSE,Detrended,0.46238945877457854
Comet WMT22,wmt14_csen,EuroLLM 9B,MCNSE,Raw,0.22516026963927746
Comet WMT22,wmt14_csen,EuroLLM 9B,MCNSE,Detrended,0.22475960495259512
Comet WMT22,wmt14_csen,EuroLLM 9B,LSRL,Raw,0.31715217573867377
Comet WMT22,wmt14_csen,EuroLLM 9B,LSRL,Detrended,0.31564942554952535
Comet WMT22,wmt14_deen,EuroLLM 9B,MSP,Raw,0.3317633239239606
Comet WMT22,wmt14_deen,EuroLLM 9B,MSP,Detrended,0.4542964462549811
Comet WMT22,wmt14_deen,EuroLLM 9B,PPL,Raw,0.5049417287784129
Comet WMT22,wmt14_deen,EuroLLM 9B,PPL,Detrended,0.5356621119179725
Comet WMT22,wmt14_deen,EuroLLM 9B,MTE,Raw,0.5165715683514618
Comet WMT22,wmt14_deen,EuroLLM 9B,MTE,Detrended,0.556463441002163
Comet WMT22,wmt14_deen,EuroLLM 9B,MCSE,Raw,0.3588279143001
Comet WMT22,wmt14_deen,EuroLLM 9B,MCSE,Detrended,0.4653580094311107
Comet WMT22,wmt14_deen,EuroLLM 9B,MCNSE,Raw,0.3567820614965771
Comet WMT22,wmt14_deen,EuroLLM 9B,MCNSE,Detrended,0.3600603161459201
Comet WMT22,wmt14_deen,EuroLLM 9B,LSRL,Raw,0.37517169479923623
Comet WMT22,wmt14_deen,EuroLLM 9B,LSRL,Detrended,0.3755966951450808
Comet WMT22,wmt14_ruen,EuroLLM 9B,MSP,Raw,0.42270688419753316
Comet WMT22,wmt14_ruen,EuroLLM 9B,MSP,Detrended,0.48143914953216255
Comet WMT22,wmt14_ruen,EuroLLM 9B,PPL,Raw,0.4335391795216228
Comet WMT22,wmt14_ruen,EuroLLM 9B,PPL,Detrended,0.4985522537213518
Comet WMT22,wmt14_ruen,EuroLLM 9B,MTE,Raw,0.45563488662891766
Comet WMT22,wmt14_ruen,EuroLLM 9B,MTE,Detrended,0.5275762836219339
Comet WMT22,wmt14_ruen,EuroLLM 9B,MCSE,Raw,0.4239800053615889
Comet WMT22,wmt14_ruen,EuroLLM 9B,MCSE,Detrended,0.4480625234896278
Comet WMT22,wmt14_ruen,EuroLLM 9B,MCNSE,Raw,0.28236037792387975
Comet WMT22,wmt14_ruen,EuroLLM 9B,MCNSE,Detrended,0.35162216751184194
Comet WMT22,wmt14_ruen,EuroLLM 9B,LSRL,Raw,0.31440259987242025
Comet WMT22,wmt14_ruen,EuroLLM 9B,LSRL,Detrended,0.37194758881770656
Comet WMT22,wmt14_fren,EuroLLM 9B,MSP,Raw,0.23792238950538458
Comet WMT22,wmt14_fren,EuroLLM 9B,MSP,Detrended,0.3226015228071154
Comet WMT22,wmt14_fren,EuroLLM 9B,PPL,Raw,0.43969643090250027
Comet WMT22,wmt14_fren,EuroLLM 9B,PPL,Detrended,0.4798647013806186
Comet WMT22,wmt14_fren,EuroLLM 9B,MTE,Raw,0.4660276871996841
Comet WMT22,wmt14_fren,EuroLLM 9B,MTE,Detrended,0.5267402977769211
Comet WMT22,wmt14_fren,EuroLLM 9B,MCSE,Raw,0.283117118764891
Comet WMT22,wmt14_fren,EuroLLM 9B,MCSE,Detrended,0.39216727009709035
Comet WMT22,wmt14_fren,EuroLLM 9B,MCNSE,Raw,0.22111983350603664
Comet WMT22,wmt14_fren,EuroLLM 9B,MCNSE,Detrended,0.21931570723736352
Comet WMT22,wmt14_fren,EuroLLM 9B,LSRL,Raw,0.2922287530582597
Comet WMT22,wmt14_fren,EuroLLM 9B,LSRL,Detrended,0.2925852573301592
Comet WMT22,wmt19_deen,EuroLLM 9B,MSP,Raw,0.40069959927473187
Comet WMT22,wmt19_deen,EuroLLM 9B,MSP,Detrended,0.438528110759187
Comet WMT22,wmt19_deen,EuroLLM 9B,PPL,Raw,0.5155446385986024
Comet WMT22,wmt19_deen,EuroLLM 9B,PPL,Detrended,0.5997773025580875
Comet WMT22,wmt19_deen,EuroLLM 9B,MTE,Raw,0.5110970489520962
Comet WMT22,wmt19_deen,EuroLLM 9B,MTE,Detrended,0.6373550868895972
Comet WMT22,wmt19_deen,EuroLLM 9B,MCSE,Raw,0.41402781758446267
Comet WMT22,wmt19_deen,EuroLLM 9B,MCSE,Detrended,0.47516067044214266
Comet WMT22,wmt19_deen,EuroLLM 9B,MCNSE,Raw,0.3378522161280529
Comet WMT22,wmt19_deen,EuroLLM 9B,MCNSE,Detrended,0.34336265814566885
Comet WMT22,wmt19_deen,EuroLLM 9B,LSRL,Raw,0.40434975539859763
Comet WMT22,wmt19_deen,EuroLLM 9B,LSRL,Detrended,0.41732175918274633
Comet WMT22,wmt19_fien,EuroLLM 9B,MSP,Raw,0.16244145579133945
Comet WMT22,wmt19_fien,EuroLLM 9B,MSP,Detrended,0.3974645451958901
Comet WMT22,wmt19_fien,EuroLLM 9B,PPL,Raw,0.48416355098725994
Comet WMT22,wmt19_fien,EuroLLM 9B,PPL,Detrended,0.4864182037800175
Comet WMT22,wmt19_fien,EuroLLM 9B,MTE,Raw,0.5117610685909972
Comet WMT22,wmt19_fien,EuroLLM 9B,MTE,Detrended,0.5212404369163036
Comet WMT22,wmt19_fien,EuroLLM 9B,MCSE,Raw,0.21142702409011477
Comet WMT22,wmt19_fien,EuroLLM 9B,MCSE,Detrended,0.4016238591000353
Comet WMT22,wmt19_fien,EuroLLM 9B,MCNSE,Raw,0.35511884556999507
Comet WMT22,wmt19_fien,EuroLLM 9B,MCNSE,Detrended,0.3477882215564077
Comet WMT22,wmt19_fien,EuroLLM 9B,LSRL,Raw,0.3467080779853919
Comet WMT22,wmt19_fien,EuroLLM 9B,LSRL,Detrended,0.35419039726301793
Comet WMT22,wmt19_lten,EuroLLM 9B,MSP,Raw,0.27658473447950394
Comet WMT22,wmt19_lten,EuroLLM 9B,MSP,Detrended,0.32986409245796416
Comet WMT22,wmt19_lten,EuroLLM 9B,PPL,Raw,0.35689628849859456
Comet WMT22,wmt19_lten,EuroLLM 9B,PPL,Detrended,0.4154684420983814
Comet WMT22,wmt19_lten,EuroLLM 9B,MTE,Raw,0.37197876352762277
Comet WMT22,wmt19_lten,EuroLLM 9B,MTE,Detrended,0.4607708120301041
Comet WMT22,wmt19_lten,EuroLLM 9B,MCSE,Raw,0.3431642287413338
Comet WMT22,wmt19_lten,EuroLLM 9B,MCSE,Detrended,0.38465907258431037
Comet WMT22,wmt19_lten,EuroLLM 9B,MCNSE,Raw,0.2772557868511457
Comet WMT22,wmt19_lten,EuroLLM 9B,MCNSE,Detrended,0.28018053740599463
Comet WMT22,wmt19_lten,EuroLLM 9B,LSRL,Raw,0.3175446107106268
Comet WMT22,wmt19_lten,EuroLLM 9B,LSRL,Detrended,0.3177623647433787
Comet WMT22,wmt19_ruen,EuroLLM 9B,MSP,Raw,0.4304800631859134
Comet WMT22,wmt19_ruen,EuroLLM 9B,MSP,Detrended,0.44282334292890185
Comet WMT22,wmt19_ruen,EuroLLM 9B,PPL,Raw,0.3247199723372336
Comet WMT22,wmt19_ruen,EuroLLM 9B,PPL,Detrended,0.4192168046150139
Comet WMT22,wmt19_ruen,EuroLLM 9B,MTE,Raw,0.34064107141267563
Comet WMT22,wmt19_ruen,EuroLLM 9B,MTE,Detrended,0.47447895165335674
Comet WMT22,wmt19_ruen,EuroLLM 9B,MCSE,Raw,0.42235859759301486
Comet WMT22,wmt19_ruen,EuroLLM 9B,MCSE,Detrended,0.40043977650519463
Comet WMT22,wmt19_ruen,EuroLLM 9B,MCNSE,Raw,0.24489582703142596
Comet WMT22,wmt19_ruen,EuroLLM 9B,MCNSE,Detrended,0.3076687649209027
Comet WMT22,wmt19_ruen,EuroLLM 9B,LSRL,Raw,0.2588891380731487
Comet WMT22,wmt19_ruen,EuroLLM 9B,LSRL,Detrended,0.3011036562990078
BLEU,wmt14_csen,EuroLLM 9B,MSP,Raw,0.15039728930053503
BLEU,wmt14_csen,EuroLLM 9B,MSP,Detrended,0.34652828632734745
BLEU,wmt14_csen,EuroLLM 9B,PPL,Raw,0.40557601577855906
BLEU,wmt14_csen,EuroLLM 9B,PPL,Detrended,0.4043724106365049
BLEU,wmt14_csen,EuroLLM 9B,MTE,Raw,0.41164861644721146
BLEU,wmt14_csen,EuroLLM 9B,MTE,Detrended,0.4118820052735261
BLEU,wmt14_csen,EuroLLM 9B,MCSE,Raw,0.16069144216402506
BLEU,wmt14_csen,EuroLLM 9B,MCSE,Detrended,0.29748678352761804
BLEU,wmt14_csen,EuroLLM 9B,MCNSE,Raw,0.1788095318541504
BLEU,wmt14_csen,EuroLLM 9B,MCNSE,Detrended,0.17197342015380926
BLEU,wmt14_csen,EuroLLM 9B,LSRL,Raw,0.18913884815907772
BLEU,wmt14_csen,EuroLLM 9B,LSRL,Detrended,0.19272632212726523
BLEU,wmt14_deen,EuroLLM 9B,MSP,Raw,0.24938250617130225
BLEU,wmt14_deen,EuroLLM 9B,MSP,Detrended,0.45976957364348475
BLEU,wmt14_deen,EuroLLM 9B,PPL,Raw,0.4883243326553594
BLEU,wmt14_deen,EuroLLM 9B,PPL,Detrended,0.48880057829037404
BLEU,wmt14_deen,EuroLLM 9B,MTE,Raw,0.4961567924798283
BLEU,wmt14_deen,EuroLLM 9B,MTE,Detrended,0.5031618485549839
BLEU,wmt14_deen,EuroLLM 9B,MCSE,Raw,0.23955631401750088
BLEU,wmt14_deen,EuroLLM 9B,MCSE,Detrended,0.37807778942115217
BLEU,wmt14_deen,EuroLLM 9B,MCNSE,Raw,0.31868832889417753
BLEU,wmt14_deen,EuroLLM 9B,MCNSE,Detrended,0.3189474230126757
BLEU,wmt14_deen,EuroLLM 9B,LSRL,Raw,0.30361636340457393
BLEU,wmt14_deen,EuroLLM 9B,LSRL,Detrended,0.3078349519048266
BLEU,wmt14_ruen,EuroLLM 9B,MSP,Raw,0.26610744036804557
BLEU,wmt14_ruen,EuroLLM 9B,MSP,Detrended,0.30782982944486914
BLEU,wmt14_ruen,EuroLLM 9B,PPL,Raw,0.42737198969175083
BLEU,wmt14_ruen,EuroLLM 9B,PPL,Detrended,0.24729426836056487
BLEU,wmt14_ruen,EuroLLM 9B,MTE,Raw,0.4527473330506991
BLEU,wmt14_ruen,EuroLLM 9B,MTE,Detrended,0.25938822071829226
BLEU,wmt14_ruen,EuroLLM 9B,MCSE,Raw,0.22109964500663606
BLEU,wmt14_ruen,EuroLLM 9B,MCSE,Detrended,0.2426442454290149
BLEU,wmt14_ruen,EuroLLM 9B,MCNSE,Raw,0.2601370009961155
BLEU,wmt14_ruen,EuroLLM 9B,MCNSE,Detrended,0.184789121347376
BLEU,wmt14_ruen,EuroLLM 9B,LSRL,Raw,0.2905818100087515
BLEU,wmt14_ruen,EuroLLM 9B,LSRL,Detrended,0.2335211431446899
BLEU,wmt14_fren,EuroLLM 9B,MSP,Raw,0.15171611246423802
BLEU,wmt14_fren,EuroLLM 9B,MSP,Detrended,0.35762704326913264
BLEU,wmt14_fren,EuroLLM 9B,PPL,Raw,0.4179142215956543
BLEU,wmt14_fren,EuroLLM 9B,PPL,Detrended,0.4136596543166834
BLEU,wmt14_fren,EuroLLM 9B,MTE,Raw,0.4475695478547477
BLEU,wmt14_fren,EuroLLM 9B,MTE,Detrended,0.44508662025530654
BLEU,wmt14_fren,EuroLLM 9B,MCSE,Raw,0.11952007296975559
BLEU,wmt14_fren,EuroLLM 9B,MCSE,Detrended,0.3074166264631847
BLEU,wmt14_fren,EuroLLM 9B,MCNSE,Raw,0.19936275849795235
BLEU,wmt14_fren,EuroLLM 9B,MCNSE,Detrended,0.20462288183706098
BLEU,wmt14_fren,EuroLLM 9B,LSRL,Raw,0.19607851724384318
BLEU,wmt14_fren,EuroLLM 9B,LSRL,Detrended,0.20511999207052906
BLEU,wmt19_deen,EuroLLM 9B,MSP,Raw,0.3125976812483881
BLEU,wmt19_deen,EuroLLM 9B,MSP,Detrended,0.3013768642254152
BLEU,wmt19_deen,EuroLLM 9B,PPL,Raw,0.5217234156284183
BLEU,wmt19_deen,EuroLLM 9B,PPL,Detrended,0.5031033095956037
BLEU,wmt19_deen,EuroLLM 9B,MTE,Raw,0.5216442411542933
BLEU,wmt19_deen,EuroLLM 9B,MTE,Detrended,0.5076588179261042
BLEU,wmt19_deen,EuroLLM 9B,MCSE,Raw,0.2500726769719406
BLEU,wmt19_deen,EuroLLM 9B,MCSE,Detrended,0.28342778920246287
BLEU,wmt19_deen,EuroLLM 9B,MCNSE,Raw,0.3000087156053408
BLEU,wmt19_deen,EuroLLM 9B,MCNSE,Detrended,0.23330454273896864
BLEU,wmt19_deen,EuroLLM 9B,LSRL,Raw,0.3126597833423564
BLEU,wmt19_deen,EuroLLM 9B,LSRL,Detrended,0.2768910359200065
BLEU,wmt19_fien,EuroLLM 9B,MSP,Raw,0.2482901525360478
BLEU,wmt19_fien,EuroLLM 9B,MSP,Detrended,0.34246609940777345
BLEU,wmt19_fien,EuroLLM 9B,PPL,Raw,0.3709874528977555
BLEU,wmt19_fien,EuroLLM 9B,PPL,Detrended,0.3738238184420094
BLEU,wmt19_fien,EuroLLM 9B,MTE,Raw,0.35981769352182763
BLEU,wmt19_fien,EuroLLM 9B,MTE,Detrended,0.3659332502669314
BLEU,wmt19_fien,EuroLLM 9B,MCSE,Raw,0.2147414980982492
BLEU,wmt19_fien,EuroLLM 9B,MCSE,Detrended,0.29452220678355423
BLEU,wmt19_fien,EuroLLM 9B,MCNSE,Raw,0.2596023968187208
BLEU,wmt19_fien,EuroLLM 9B,MCNSE,Detrended,0.24197492555455596
BLEU,wmt19_fien,EuroLLM 9B,LSRL,Raw,0.24975602982260448
BLEU,wmt19_fien,EuroLLM 9B,LSRL,Detrended,0.24471008230951652
BLEU,wmt19_lten,EuroLLM 9B,MSP,Raw,0.13239282539816338
BLEU,wmt19_lten,EuroLLM 9B,MSP,Detrended,0.307711137154798
BLEU,wmt19_lten,EuroLLM 9B,PPL,Raw,0.33972916914247914
BLEU,wmt19_lten,EuroLLM 9B,PPL,Detrended,0.3174860450565805
BLEU,wmt19_lten,EuroLLM 9B,MTE,Raw,0.3457257509254323
BLEU,wmt19_lten,EuroLLM 9B,MTE,Detrended,0.31226829214010615
BLEU,wmt19_lten,EuroLLM 9B,MCSE,Raw,0.09979681714456971
BLEU,wmt19_lten,EuroLLM 9B,MCSE,Detrended,0.25048446411336983
BLEU,wmt19_lten,EuroLLM 9B,MCNSE,Raw,0.2472592543746433
BLEU,wmt19_lten,EuroLLM 9B,MCNSE,Detrended,0.212216054875632
BLEU,wmt19_lten,EuroLLM 9B,LSRL,Raw,0.2444259019885369
BLEU,wmt19_lten,EuroLLM 9B,LSRL,Detrended,0.24510383938738375
BLEU,wmt19_ruen,EuroLLM 9B,MSP,Raw,0.24215945212432755
BLEU,wmt19_ruen,EuroLLM 9B,MSP,Detrended,0.3725140835096756
BLEU,wmt19_ruen,EuroLLM 9B,PPL,Raw,0.3688321202683777
BLEU,wmt19_ruen,EuroLLM 9B,PPL,Detrended,0.37583574494937055
BLEU,wmt19_ruen,EuroLLM 9B,MTE,Raw,0.38495140853243337
BLEU,wmt19_ruen,EuroLLM 9B,MTE,Detrended,0.39217462084606186
BLEU,wmt19_ruen,EuroLLM 9B,MCSE,Raw,0.2292232803264281
BLEU,wmt19_ruen,EuroLLM 9B,MCSE,Detrended,0.28922053001569353
BLEU,wmt19_ruen,EuroLLM 9B,MCNSE,Raw,0.22810773398298495
BLEU,wmt19_ruen,EuroLLM 9B,MCNSE,Detrended,0.22928620822883258
BLEU,wmt19_ruen,EuroLLM 9B,LSRL,Raw,0.25227776352979814
BLEU,wmt19_ruen,EuroLLM 9B,LSRL,Detrended,0.24769665581373684
